,Abb,Ab,A,A#,A##,Bbb,B_flat,B,B#,B##,Cbb,Cb,C,C#,C##,Dbb,Db,D,D#,D##,Ebb,Eb,E,E#,E##,Fbb,Fb,F,F#,F##,Gbb,Gb,G,G#,G##
Abb,P1,A1,AA1,AAA1,AAAA1,M2,A2,AA2,AAA2,AAAA2,m3,M3,A3,AA3,AAA3,P4,A4,AA4,AAA4,AAAA4,P5,A5,AA5,AAA5,AAAA5,m6,M6,A6,AA6,AAA6,m7,M7,A7,AA7,AAA7
Ab,d1,P1,A1,AA1,AAA1,m2,A2,AA2,AA2,AAA2,d3,m3,M3,A3,AA3,d4,P4,A4,AA4,AAA4,d5,P5,A5,AA5,AAA5,d6,m6,M6,A6,AA6,d7,m7,M7,A7,AA7
A,dd1,d1,P1,A1,AA1,d2,m2,M2,A2,AA2,dd3,d3,m3,M3,A3,dd4,d4,P4,A4,AA4,dd5,d5,P5,A5,AA5,dd6,d6,m6,M6,A6,dd7,d7,m7,M7,A7
A#,ddd1,dd1,d1,P1,A1,dd2,d2,m2,M2,A2,ddd3,dd3,d3,m3,M3,ddd4,ddd4,dd4,P4,A4,ddd5,dd5,d5,P5,A5,ddd6,dd6,d6,m6,M6,ddd7,dd7,d7,m7,M7
A##,dddd1,ddd1,dd1,d1,P1,ddd2,dd2,d2,m2,M2,dddd3,ddd3,dd3,d3,m3,dddd4,ddd4,dd4,d4,P4,dddd5,ddd5,dd5,d5,P5,dddd6,ddd6,dd6,d6,m6,dddd7,ddd7,dd7,d7,m7
Bbb,m7,M7,A7,AA7,AAA7,P1,A1,AA1,AAA1,AAAA1,m2,M2,A2,AA2,AAA2,m3,M3,A3,AA3,AAA3,P4,A4,AA4,AAA4,AAAA4,d5,P5,A5,AA5,AAA5,m6,M6,A6,AA6,AAA6
B_flat,d7,m7,M7,A7,AA7,d1,P1,A1,AA1,AAA1,d2,m2,M2,A2,AA2,d3,m3,M3,A3,AA3,d4,P4,A4,AA4,AAA4,dd5,d5,P5,A5,AA5,d6,m6,M6,A6,AA6
B,dd7,d7,m7,M7,A7,dd1,d1,P1,A1,AA1,dd2,d2,m2,M2,A2,dd3,d3,m3,M3,A3,dd4,d4,P4,A4,AA4,ddd5,dd5,d5,P5,A5,dd6,d6,m6,M6,A6
B#,ddd7,dd7,d7,m7,M7,ddd1,dd1,d1,P1,A1,ddd2,dd2,d2,m2,M2,ddd3,dd3,d3,m3,M3,ddd4,ddd4,dd4,P4,A4,dddd5,ddd5,dd5,d5,P5,ddd6,dd6,d6,m6,M6
B##,dddd7,ddd7,dd7,d7,m7,dddd1,ddd1,dd1,d1,P1,dddd2,ddd2,dd2,d2,m2,dddd3,ddd3,dd3,d3,m3,dddd4,ddd4,dd4,d4,P4,ddddd5,dddd5,ddd5,dd5,d5,dddd6,ddd6,dd6,d6,m6
Cbb,M6,A6,AA6,AAA6,AAAA6,M7,A7,AA7,AAA7,AAAA7,P1,A1,AA1,AAA1,AAAA1,M2,A2,AA2,AAA2,AAAA2,M3,A3,AA3,AAA3,AAAA3,P4,A4,AA4,AAA4,AAAA4,P5,A5,AA5,AAA5,AAAA5
Cb,m6,M6,A6,AA6,AAA6,m7,M7,A7,AA7,AAA7,d1,P1,A1,AA1,AAA1,m2,A2,AA2,AA2,AAA2,m3,M3,A3,AA3,AAA3,d4,P4,A4,AA4,AAA4,d5,P5,A5,AA5,AAA5
C,d6,m6,M6,A6,AA6,d7,m7,M7,A7,AA7,dd1,d1,P1,A1,AA1,d2,m2,M2,A2,AA2,d3,m3,M3,A3,AA3,dd4,d4,P4,A4,AA4,dd5,d5,P5,A5,AA5
C#,dd6,d6,m6,M6,A6,dd7,d7,m7,M7,A7,ddd1,dd1,d1,P1,A1,dd2,d2,m2,M2,A2,dd3,d3,m3,M3,A3,ddd4,ddd4,dd4,P4,A4,ddd5,dd5,d5,P5,A5
C##,ddd6,dd6,d6,m6,M6,ddd7,dd7,d7,m7,M7,dddd1,ddd1,dd1,d1,P1,ddd2,dd2,d2,m2,M2,ddd3,dd3,d3,m3,M3,dddd4,ddd4,dd4,d4,P4,dddd5,ddd5,dd5,d5,P5
Dbb,P5,A5,AA5,AAA5,AAAA5,M6,A6,AA6,AAA6,AAAA6,m7,M7,A7,AA7,AAA7,P1,A1,AA1,AAA1,AAAA1,m2,M2,A2,AA2,AAA2,m3,M3,A3,AA3,AAA3,P4,A4,AA4,AAA4,AAAA4
Db,d5,P5,A5,AA5,AAA5,m6,M6,A6,AA6,AAA6,d7,m7,M7,A7,AA7,d1,P1,A1,AA1,AAA1,d2,m2,M2,A2,AA2,d3,m3,M3,A3,AA3,d4,P4,A4,AA4,AAA4
D,dd5,d5,P5,A5,AA5,d6,m6,M6,A6,AA6,dd7,d7,m7,M7,A7,dd1,d1,P1,A1,AA1,dd2,d2,m2,M2,A2,dd3,d3,m3,M3,A3,dd4,d4,P4,A4,AA4
D#,ddd5,dd5,d5,P5,A5,dd6,d6,m6,M6,A6,ddd7,dd7,d7,m7,M7,ddd1,dd1,d1,P1,A1,ddd2,dd2,d2,m2,M2,ddd3,dd3,d3,m3,M3,ddd4,ddd4,dd4,P4,A4
D##,dddd5,ddd5,dd5,d5,P5,ddd6,dd6,d6,m6,M6,dddd7,ddd7,dd7,d7,m7,dddd1,ddd1,dd1,d1,P1,dddd2,ddd2,dd2,d2,m2,dddd3,ddd3,dd3,d3,m3,dddd4,ddd4,dd4,d4,P4
Ebb,P4,A4,AA4,AAA4,AAAA4,P5,A5,AA5,AAA5,AAAA5,m6,M6,A6,AA6,AAA6,m7,M7,A7,AA7,AAA7,P1,A1,AA1,AAA1,AAAA1,m2,M2,A2,AA2,AAA2,M3,A3,AA3,AAA3,AAAA3
Eb,d4,P4,A4,AA4,AAA4,d5,P5,A5,AA5,AAA5,d6,m6,M6,A6,AA6,d7,m7,M7,A7,AA7,d1,P1,A1,AA1,AAA1,d2,m2,M2,A2,AA2,m3,M3,A3,AA3,AAA3
E,dd4,d4,P4,A4,AA4,dd5,d5,P5,A5,AA5,dd6,d6,m6,M6,A6,dd7,d7,m7,M7,A7,dd1,d1,P1,A1,AA1,dd2,d2,m2,M2,A2,d3,m3,M3,A3,AA3
E#,ddd4,ddd4,dd4,P4,A4,ddd5,dd5,d5,P5,A5,ddd6,dd6,d6,m6,M6,ddd7,dd7,d7,m7,M7,ddd1,dd1,d1,P1,A1,ddd2,dd2,d2,m2,M2,dd3,d3,m3,M3,A3
E##,dddd4,ddd4,dd4,d4,P4,dddd5,ddd5,dd5,d5,P5,dddd6,ddd6,dd6,d6,m6,dddd7,ddd7,dd7,d7,m7,dddd1,ddd1,dd1,d1,P1,dddd2,ddd2,dd2,d2,m2,ddd3,dd3,d3,m3,M3
Fbb,M3,A3,AA3,AAA3,AAAA3,A4,AA4,AAA4,AAAA4,AAAAA4,P5,A5,AA5,AAA5,AAAA5,M6,A6,AA6,AAA6,AAAA6,M7,A7,AA7,AAA7,AAAA7,P1,A1,AA1,AAA1,AAAA1,M2,A2,AA2,AAA2,AAAA2
Fb,m3,M3,A3,AA3,AAA3,P4,A4,AA4,AAA4,AAAA4,d5,P5,A5,AA5,AAA5,m6,M6,A6,AA6,AAA6,m7,M7,A7,AA7,AAA7,d1,P1,A1,AA1,AAA1,m2,A2,AA2,AA2,AAA2
F,d3,m3,M3,A3,AA3,d4,P4,A4,AA4,AAA4,dd5,d5,P5,A5,AA5,d6,m6,M6,A6,AA6,d7,m7,M7,A7,AA7,dd1,d1,P1,A1,AA1,d2,m2,M2,A2,AA2
F#,dd3,d3,m3,M3,A3,dd4,d4,P4,A4,AA4,ddd5,dd5,d5,P5,A5,dd6,d6,m6,M6,A6,dd7,d7,m7,M7,A7,ddd1,dd1,d1,P1,A1,dd2,d2,m2,M2,A2
F##,ddd3,dd3,d3,m3,M3,ddd4,dd4,d4,P4,A4,dddd5,ddd5,dd5,d5,P5,ddd6,dd6,d6,m6,M6,ddd7,dd7,d7,m7,M7,dddd1,ddd1,dd1,d1,P1,ddd2,dd2,d2,m2,M2
Gbb,M2,A2,AA2,AAA2,AAAA2,M3,A3,AA3,AAA3,AAAA3,P4,A4,AA4,AAA4,AAAA4,P5,A5,AA5,AAA5,AAAA5,M6,A6,AA6,AAA6,AAAA6,M7,A7,AA7,AAA7,AAAA7,P1,A1,AA1,AAA1,AAAA1
Gb,m2,A2,AA2,AA2,AAA2,m3,M3,A3,AA3,AAA3,d4,P4,A4,AA4,AAA4,d5,P5,A5,AA5,AAA5,m6,M6,A6,AA6,AAA6,m7,M7,A7,AA7,AAA7,d1,P1,A1,AA1,AAA1
G,d2,m2,M2,A2,AA2,d3,m3,M3,A3,AA3,dd4,d4,P4,A4,AA4,dd5,d5,P5,A5,AA5,d6,m6,M6,A6,AA6,d7,m7,M7,A7,AA7,dd1,d1,P1,A1,AA1
G#,dd2,d2,m2,M2,A2,dd3,d3,m3,M3,A3,ddd4,ddd4,dd4,P4,A4,ddd5,dd5,d5,P5,A5,dd6,d6,m6,M6,A6,dd7,d7,m7,M7,A7,ddd1,dd1,d1,P1,A1
G##,ddd2,dd2,d2,m2,M2,ddd3,dd3,d3,m3,M3,dddd4,ddd4,dd4,d4,P4,dddd5,ddd5,dd5,d5,P5,ddd6,dd6,d6,m6,M6,ddd7,dd7,d7,m7,M7,dddd1,ddd1,dd1,d1,P1